﻿Designator,Footprint,Quantity,Value,LCSC Part #
"C1, C4, C5",0603,3,100n,C14663
"C2, C3",0603,2,4u7,C19666
D1,0603,1,Red,C2286
J2,USB_Micro-B_A01SB141B1-067,1,A01SB141B1,C404969
R1,0603,1,1k5,C22843
"R2, R3",0603,2,4k7,C23162
R4,0603,1,220,C22962
"SW1, SW10, SW11, SW12, SW13, SW14, SW15, SW16, SW17, SW18, SW19, SW2, SW20, SW3, SW4, SW5, SW6, SW7, SW8, SW9",B3F-4055,20,B3F-4055,C84931
U1,QFN-20-1EP_3x3mm_P0.4mm_EP1.65x1.65mm,1,CH32V003F4U6,C5299908
U2,SOT-23-3,1,XC6206P332MR-G,C5446
